{"polyfill":["/polyfill-48e56cca0128f3598c84.js"],"app":["/app-2bb28da24250d11b1c78.js"],"component---cache-caches-gatsby-plugin-offline-app-shell-js":["/component---cache-caches-gatsby-plugin-offline-app-shell-js-b0556ce5127c1a3e2490.js"],"component---src-pages-404-js":["/component---src-pages-404-js-9e5b3b8f911419c1d836.js"],"component---src-pages-index-js":["/component---src-pages-index-js-5f30adfb55105a922276.js"],"component---src-pages-page-2-js":["/component---src-pages-page-2-js-8b56cf326087c673ee76.js"],"component---src-pages-using-typescript-tsx":["/component---src-pages-using-typescript-tsx-e8bf57fe439c2c60ca32.js"]}