{"errors":[],"warnings":[],"namedChunkGroups":{"polyfill":{"chunks":[2,11],"assets":["webpack-runtime-a08e1ad77957e06833a8.js","webpack-runtime-a08e1ad77957e06833a8.js.map","polyfill-48e56cca0128f3598c84.js","polyfill-48e56cca0128f3598c84.js.map"],"children":{},"childAssets":{}},"app":{"chunks":[2,0,10,9,3],"assets":["webpack-runtime-a08e1ad77957e06833a8.js","webpack-runtime-a08e1ad77957e06833a8.js.map","styles.ed02056fe00697e98c70.css","styles-407fe62976dc5310c43e.js","styles-407fe62976dc5310c43e.js.map","framework-445649399d1c721f1f74.js","framework-445649399d1c721f1f74.js.map","ff239f9d-bfe0ebd52ef36619143f.js","ff239f9d-bfe0ebd52ef36619143f.js.map","app-2bb28da24250d11b1c78.js","app-2bb28da24250d11b1c78.js.map"],"children":{},"childAssets":{}},"component---cache-caches-gatsby-plugin-offline-app-shell-js":{"chunks":[4],"assets":["component---cache-caches-gatsby-plugin-offline-app-shell-js-b0556ce5127c1a3e2490.js","component---cache-caches-gatsby-plugin-offline-app-shell-js-b0556ce5127c1a3e2490.js.map"],"children":{},"childAssets":{}},"component---src-pages-404-js":{"chunks":[0,1,5],"assets":["styles.ed02056fe00697e98c70.css","styles-407fe62976dc5310c43e.js","styles-407fe62976dc5310c43e.js.map","11a94a3e73140724a8de4b52d94986fe0f3aacd5-10bd86de98f60fba24d1.js","11a94a3e73140724a8de4b52d94986fe0f3aacd5-10bd86de98f60fba24d1.js.map","component---src-pages-404-js-9e5b3b8f911419c1d836.js","component---src-pages-404-js-9e5b3b8f911419c1d836.js.map"],"children":{},"childAssets":{}},"component---src-pages-index-js":{"chunks":[0,1,6],"assets":["styles.ed02056fe00697e98c70.css","styles-407fe62976dc5310c43e.js","styles-407fe62976dc5310c43e.js.map","11a94a3e73140724a8de4b52d94986fe0f3aacd5-10bd86de98f60fba24d1.js","11a94a3e73140724a8de4b52d94986fe0f3aacd5-10bd86de98f60fba24d1.js.map","component---src-pages-index-js-5f30adfb55105a922276.js","component---src-pages-index-js-5f30adfb55105a922276.js.map"],"children":{},"childAssets":{}},"component---src-pages-page-2-js":{"chunks":[0,1,7],"assets":["styles.ed02056fe00697e98c70.css","styles-407fe62976dc5310c43e.js","styles-407fe62976dc5310c43e.js.map","11a94a3e73140724a8de4b52d94986fe0f3aacd5-10bd86de98f60fba24d1.js","11a94a3e73140724a8de4b52d94986fe0f3aacd5-10bd86de98f60fba24d1.js.map","component---src-pages-page-2-js-8b56cf326087c673ee76.js","component---src-pages-page-2-js-8b56cf326087c673ee76.js.map"],"children":{},"childAssets":{}},"component---src-pages-using-typescript-tsx":{"chunks":[0,1,8],"assets":["styles.ed02056fe00697e98c70.css","styles-407fe62976dc5310c43e.js","styles-407fe62976dc5310c43e.js.map","11a94a3e73140724a8de4b52d94986fe0f3aacd5-10bd86de98f60fba24d1.js","11a94a3e73140724a8de4b52d94986fe0f3aacd5-10bd86de98f60fba24d1.js.map","component---src-pages-using-typescript-tsx-e8bf57fe439c2c60ca32.js","component---src-pages-using-typescript-tsx-e8bf57fe439c2c60ca32.js.map"],"children":{},"childAssets":{}}},"assetsByChunkName":{"polyfill":["webpack-runtime-a08e1ad77957e06833a8.js","polyfill-48e56cca0128f3598c84.js"],"app":["webpack-runtime-a08e1ad77957e06833a8.js","styles.ed02056fe00697e98c70.css","styles-407fe62976dc5310c43e.js","framework-445649399d1c721f1f74.js","ff239f9d-bfe0ebd52ef36619143f.js","app-2bb28da24250d11b1c78.js"],"component---cache-caches-gatsby-plugin-offline-app-shell-js":["component---cache-caches-gatsby-plugin-offline-app-shell-js-b0556ce5127c1a3e2490.js"],"component---src-pages-404-js":["styles.ed02056fe00697e98c70.css","styles-407fe62976dc5310c43e.js","11a94a3e73140724a8de4b52d94986fe0f3aacd5-10bd86de98f60fba24d1.js","component---src-pages-404-js-9e5b3b8f911419c1d836.js"],"component---src-pages-index-js":["styles.ed02056fe00697e98c70.css","styles-407fe62976dc5310c43e.js","11a94a3e73140724a8de4b52d94986fe0f3aacd5-10bd86de98f60fba24d1.js","component---src-pages-index-js-5f30adfb55105a922276.js"],"component---src-pages-page-2-js":["styles.ed02056fe00697e98c70.css","styles-407fe62976dc5310c43e.js","11a94a3e73140724a8de4b52d94986fe0f3aacd5-10bd86de98f60fba24d1.js","component---src-pages-page-2-js-8b56cf326087c673ee76.js"],"component---src-pages-using-typescript-tsx":["styles.ed02056fe00697e98c70.css","styles-407fe62976dc5310c43e.js","11a94a3e73140724a8de4b52d94986fe0f3aacd5-10bd86de98f60fba24d1.js","component---src-pages-using-typescript-tsx-e8bf57fe439c2c60ca32.js"]}}